length,method_id,method_name,elapsed_ns
1,0,matrix_bigint,30
1,1,iterative,19
1,2,recursive,99
1,3,recursive_memo,57
1,4,matrix_u128,19
1,5,rayon_matrix1,273059
1,6,rayon_matrix2,33
1,7,rayon_matrix3,32
1,8,rayon_matrix4,37735
1,10,approx1,360
1,11,fast_doubling_rec,0
1,12,fast_doubling_iter,0
1,13,rayon_fast_doubling,0
1,14,threads_fast_doubling,0
2,0,matrix_bigint,215
2,1,iterative,18
2,2,recursive,43
2,3,recursive_memo,83
2,4,matrix_u128,98
2,5,rayon_matrix1,627997
2,6,rayon_matrix2,88623
2,7,rayon_matrix3,440173
2,8,rayon_matrix4,422504
2,10,approx1,329
2,11,fast_doubling_rec,0
2,12,fast_doubling_iter,0
2,13,rayon_fast_doubling,0
2,14,threads_fast_doubling,0
5,0,matrix_bigint,543
5,1,iterative,100
5,2,recursive,170
5,3,recursive_memo,252
5,4,matrix_u128,44
5,5,rayon_matrix1,772647
5,6,rayon_matrix2,548790
5,7,rayon_matrix3,2258216
5,8,rayon_matrix4,1413757
5,10,approx1,477
5,11,fast_doubling_rec,253
5,12,fast_doubling_iter,389
5,13,rayon_fast_doubling,106669
5,14,threads_fast_doubling,117060
10,0,matrix_bigint,746
10,1,iterative,259
10,2,recursive,1525
10,3,recursive_memo,534
10,4,matrix_u128,43
10,5,rayon_matrix1,803807
10,6,rayon_matrix2,990147
10,7,rayon_matrix3,2282090
10,8,rayon_matrix4,1947304
10,10,approx1,508
10,11,fast_doubling_rec,316
10,12,fast_doubling_iter,366
10,13,rayon_fast_doubling,159825
10,14,threads_fast_doubling,258600
20,0,matrix_bigint,944
20,1,iterative,677
20,2,recursive,125108
20,3,recursive_memo,1374
20,4,matrix_u128,41
20,5,rayon_matrix1,1285134
20,6,rayon_matrix2,516991
20,7,rayon_matrix3,2233170
20,8,rayon_matrix4,1353838
20,10,approx1,552
20,11,fast_doubling_rec,424
20,12,fast_doubling_iter,423
20,13,rayon_fast_doubling,138233
20,14,threads_fast_doubling,224058
50,0,matrix_bigint,1313
50,1,iterative,1307
50,3,recursive_memo,3823
50,4,matrix_u128,38
50,5,rayon_matrix1,1158907
50,6,rayon_matrix2,823413
50,7,rayon_matrix3,3877995
50,8,rayon_matrix4,2605953
50,10,approx1,535
50,11,fast_doubling_rec,495
50,12,fast_doubling_iter,591
50,13,rayon_fast_doubling,332007
50,14,threads_fast_doubling,275648
100,0,matrix_bigint,1506
100,1,iterative,3205
100,3,recursive_memo,8012
100,4,matrix_u128,34
100,5,rayon_matrix1,1760264
100,6,rayon_matrix2,1175115
100,7,rayon_matrix3,3894918
100,8,rayon_matrix4,2921498
100,10,approx1,545
100,11,fast_doubling_rec,610
100,12,fast_doubling_iter,670
100,13,rayon_fast_doubling,809902
100,14,threads_fast_doubling,339487
200,0,matrix_bigint,2955
200,1,iterative,6137
200,3,recursive_memo,14254
200,4,matrix_u128,47
200,5,rayon_matrix1,1546189
200,6,rayon_matrix2,1216493
200,7,rayon_matrix3,3996367
200,8,rayon_matrix4,3542399
200,10,approx1,560
200,11,fast_doubling_rec,679
200,12,fast_doubling_iter,759
200,13,rayon_fast_doubling,467105
200,14,threads_fast_doubling,361666
500,0,matrix_bigint,4032
500,1,iterative,16831
500,3,recursive_memo,38793
500,4,matrix_u128,61
500,5,rayon_matrix1,1724009
500,6,rayon_matrix2,1793577
500,7,rayon_matrix3,7067685
500,8,rayon_matrix4,4234150
500,10,approx1,659
500,11,fast_doubling_rec,896
500,12,fast_doubling_iter,935
500,13,rayon_fast_doubling,615296
500,14,threads_fast_doubling,420058
1000,0,matrix_bigint,4663
1000,1,iterative,31524
1000,3,recursive_memo,77702
1000,4,matrix_u128,62
1000,5,rayon_matrix1,2047194
1000,6,rayon_matrix2,2417463
1000,7,rayon_matrix3,6864586
1000,8,rayon_matrix4,4685378
1000,9,threads_matrix1,NA
1000,10,approx1,716
1000,11,fast_doubling_rec,1020
1000,12,fast_doubling_iter,2143
1000,13,rayon_fast_doubling,586050
1000,14,threads_fast_doubling,520052
2000,0,matrix_bigint,5043
2000,1,iterative,58953
2000,3,recursive_memo,157856
2000,4,matrix_u128,62
2000,5,rayon_matrix1,1927096
2000,6,rayon_matrix2,2030809
2000,7,rayon_matrix3,7169348
2000,8,rayon_matrix4,5954681
2000,9,threads_matrix1,NA
2000,10,approx1,685
2000,11,fast_doubling_rec,2693
2000,12,fast_doubling_iter,3293
2000,13,rayon_fast_doubling,598340
2000,14,threads_fast_doubling,523166
5000,0,matrix_bigint,8627
5000,1,iterative,162789
5000,3,recursive_memo,423622
5000,4,matrix_u128,68
5000,5,rayon_matrix1,2216059
5000,6,rayon_matrix2,2212813
5000,7,rayon_matrix3,7891310
5000,8,rayon_matrix4,5111991
5000,9,threads_matrix1,NA
5000,10,approx1,766
5000,11,fast_doubling_rec,4080
5000,12,fast_doubling_iter,3956
5000,13,rayon_fast_doubling,951013
5000,14,threads_fast_doubling,1234567
10000,0,matrix_bigint,16721
10000,1,iterative,399059
10000,3,recursive_memo,1124381
10000,4,matrix_u128,78
10000,5,rayon_matrix1,3109541
10000,6,rayon_matrix2,2492039
10000,7,rayon_matrix3,9372290
10000,8,rayon_matrix4,6618165
10000,9,threads_matrix1,NA
10000,10,approx1,1383
10000,11,fast_doubling_rec,7074
10000,12,fast_doubling_iter,5189
10000,13,rayon_fast_doubling,1189317
10000,14,threads_fast_doubling,888906
20000,0,matrix_bigint,35093
20000,1,iterative,1962239
20000,3,recursive_memo,5975103
20000,4,matrix_u128,80
20000,5,rayon_matrix1,3137560
20000,6,rayon_matrix2,2828130
20000,7,rayon_matrix3,10629800
20000,8,rayon_matrix4,6953537
20000,9,threads_matrix1,NA
20000,10,approx1,807
20000,11,fast_doubling_rec,20707
20000,12,fast_doubling_iter,14232
20000,13,rayon_fast_doubling,958454
20000,14,threads_fast_doubling,797402
50000,0,matrix_bigint,104934
50000,1,iterative,5915012
50000,3,recursive_memo,38321928
50000,4,matrix_u128,85
50000,5,rayon_matrix1,3299014
50000,6,rayon_matrix2,2839271
50000,7,rayon_matrix3,12103878
50000,8,rayon_matrix4,7020924
50000,9,threads_matrix1,NA
50000,10,approx1,860
50000,11,fast_doubling_rec,62844
50000,12,fast_doubling_iter,45250
50000,13,rayon_fast_doubling,1176532
50000,14,threads_fast_doubling,1451091
100000,0,matrix_bigint,279288
100000,1,iterative,23510212
100000,3,recursive_memo,NA
100000,4,matrix_u128,73
100000,5,rayon_matrix1,4489324
100000,6,rayon_matrix2,3016373
100000,7,rayon_matrix3,11822885
100000,8,rayon_matrix4,6842816
100000,9,threads_matrix1,NA
100000,10,approx1,1506
100000,11,fast_doubling_rec,267935
100000,12,fast_doubling_iter,121095
100000,13,rayon_fast_doubling,1278887
100000,14,threads_fast_doubling,968111
1000000,0,matrix_bigint,9102253
1000000,1,iterative,2642697394
1000000,4,matrix_u128,83
1000000,5,rayon_matrix1,10833210
1000000,6,rayon_matrix2,7855731
1000000,7,rayon_matrix3,17426139
1000000,8,rayon_matrix4,12807375
1000000,9,threads_matrix1,NA
1000000,10,approx1,2180
1000000,11,fast_doubling_rec,2766337
1000000,12,fast_doubling_iter,2919184
1000000,13,rayon_fast_doubling,4049171
1000000,14,threads_fast_doubling,3742341
10000000,10,approx1,3026
10000000,11,fast_doubling_rec,44927625
10000000,12,fast_doubling_iter,47213441
10000000,13,rayon_fast_doubling,34560617
100000000,10,approx1,7263
100000000,11,fast_doubling_rec,714470434
100000000,12,fast_doubling_iter,726456634
1000000000,10,approx1,11939
1000000000,11,fast_doubling_rec,9534563973
